{"stats":{"minecraft:picked_up":{"minecraft:spruce_log":8,"minecraft:coal":8,"minecraft:cobblestone":13},"minecraft:mined":{"minecraft:coal_ore":8,"minecraft:spruce_log":8,"minecraft:stone":13},"minecraft:custom":{"minecraft:time_since_rest":4129,"minecraft:play_time":4129,"minecraft:sprint_one_cm":4637,"minecraft:damage_taken":20,"minecraft:walk_one_cm":9604,"minecraft:sneak_time":1,"minecraft:jump":39,"minecraft:leave_game":1,"minecraft:time_since_death":4129,"minecraft:total_world_time":4129,"minecraft:interact_with_crafting_table":4,"minecraft:fall_one_cm":1734,"minecraft:fly_one_cm":5767},"minecraft:used":{"minecraft:crafting_table":1,"minecraft:stone_pickaxe":18,"minecraft:wooden_pickaxe":3},"minecraft:crafted":{"minecraft:crafting_table":1,"minecraft:spruce_planks":32,"minecraft:stick":12,"minecraft:wooden_pickaxe":1,"minecraft:stone_pickaxe":1}},"DataVersion":3465}