{"stats":{"minecraft:picked_up":{"minecraft:crafting_table":2,"minecraft:raw_iron":5,"minecraft:spruce_log":8,"minecraft:dirt":10,"minecraft:cobbled_deepslate":4,"minecraft:moss_block":3,"minecraft:coal":19,"minecraft:cobblestone":112,"minecraft:furnace":1},"minecraft:mined":{"minecraft:furnace":1,"minecraft:iron_ore":5,"minecraft:spruce_log":8,"minecraft:crafting_table":2,"minecraft:coal_ore":19,"minecraft:dirt":10,"minecraft:stone":106,"minecraft:moss_block":3,"minecraft:deepslate":1},"minecraft:killed":{"minecraft:skeleton":2,"minecraft:zombie":2},"minecraft:custom":{"minecraft:time_since_rest":16129,"minecraft:interact_with_furnace":4,"minecraft:sprint_one_cm":9881,"minecraft:damage_taken":130,"minecraft:walk_one_cm":47431,"minecraft:mob_kills":4,"minecraft:damage_dealt":920,"minecraft:interact_with_crafting_table":8,"minecraft:fly_one_cm":9628,"minecraft:crouch_one_cm":7581,"minecraft:play_time":16129,"minecraft:sneak_time":2353,"minecraft:walk_under_water_one_cm":616,"minecraft:jump":124,"minecraft:leave_game":1,"minecraft:time_since_death":16129,"minecraft:walk_on_water_one_cm":993,"minecraft:total_world_time":16129,"minecraft:fall_one_cm":2818},"minecraft:used":{"minecraft:stone_sword":19,"minecraft:stone_pickaxe":130,"minecraft:wooden_pickaxe":3,"minecraft:torch":19,"minecraft:dirt":10,"minecraft:cobblestone":1,"minecraft:crafting_table":3,"minecraft:furnace":1},"minecraft:crafted":{"minecraft:shield":1,"minecraft:crafting_table":1,"minecraft:spruce_planks":32,"minecraft:stick":20,"minecraft:iron_pickaxe":1,"minecraft:iron_ingot":5,"minecraft:wooden_pickaxe":1,"minecraft:stone_pickaxe":1,"minecraft:stone_sword":1,"minecraft:furnace":1,"minecraft:torch":28,"minecraft:air":0}},"DataVersion":3465}