{"stats":{"minecraft:killed":{"minecraft:skeleton":1,"minecraft:sheep":5,"mutationcraft:necroptor":2,"minecraft:zombie":3},"minecraft:crafted":{"minecraft:oak_planks":180,"minecraft:crafting_table":1,"minecraft:wooden_pickaxe":1,"minecraft:stone_axe":1,"minecraft:bread":63,"minecraft:jungle_planks":40,"minecraft:stick":20,"minecraft:stone_pickaxe":1,"minecraft:wooden_axe":1,"minecraft:stone_sword":1,"minecraft:chest":2,"minecraft:white_bed":1,"minecraft:torch":40,"minecraft:wheat":189},"minecraft:broken":{"minecraft:wooden_axe":1},"minecraft:dropped":{"butchersdelight:dead_cow":2,"minecraft:oak_pressure_plate":1,"minecraft:oak_log":64},"minecraft:picked_up":{"minecraft:coarse_dirt":1,"minecraft:cocoa_beans":15,"minecraft:crafting_table":2,"farmersdelight:rich_soil":3,"farmersdelight:rice":3,"minecraft:andesite":1,"minecraft:jungle_log":18,"minecraft:red_mushroom":2,"minecraft:flint":1,"minecraft:oak_log":114,"minecraft:dirt":8,"minecraft:smooth_stone_slab":4,"farmersdelight:organic_compost":6,"minecraft:bone":1,"butchersdelight:dead_cow":7,"minecraft:apple":1,"minecraft:wheat_seeds":13,"minecraft:melon_slice":86,"minecraft:sugar_cane":2,"minecraft:oak_planks":6,"minecraft:book":24,"minecraft:stick":6,"mutationcraft:necroptor_membrane":1,"minecraft:raw_iron":3,"minecraft:torch":1,"minecraft:oak_pressure_plate":1,"minecraft:gravel":14,"minecraft:white_bed":1,"minecraft:carrot":12,"butchersdelight:deadsheep":5,"minecraft:rotten_flesh":2,"minecraft:beetroot_seeds":1,"minecraft:hay_block":52,"minecraft:oak_sapling":8,"minecraft:cobblestone":18,"minecraft:coal":23,"minecraft:white_wool":5},"minecraft:mined":{"minecraft:white_bed":1,"farmersdelight:rich_soil":3,"minecraft:glass_pane":1,"farmersdelight:organic_compost":6,"farmersdelight:wild_carrots":12,"minecraft:crafting_table":2,"minecraft:grass_block":6,"minecraft:melon":16,"minecraft:jungle_log":18,"minecraft:tall_grass":9,"minecraft:cobblestone":2,"minecraft:oak_planks":5,"minecraft:sugar_cane":2,"minecraft:red_mushroom":1,"minecraft:wall_torch":1,"minecraft:hay_block":52,"minecraft:coarse_dirt":1,"butchersdelight:deadcowblock":2,"farmersdelight:wild_rice":3,"minecraft:iron_ore":3,"minecraft:andesite":1,"minecraft:grass":96,"minecraft:bookshelf":8,"minecraft:oak_log":115,"minecraft:coal_ore":23,"minecraft:cocoa":7,"minecraft:beetroots":1,"minecraft:gravel":15,"minecraft:dirt":1,"minecraft:stone":17,"minecraft:oak_leaves":13,"minecraft:fern":5},"minecraft:custom":{"minecraft:mob_kills":11,"minecraft:interact_with_crafting_table":12,"minecraft:leave_game":1,"minecraft:time_since_death":47767,"minecraft:sleep_in_bed":4,"minecraft:climb_one_cm":1290,"minecraft:time_since_rest":9591,"minecraft:sprint_one_cm":101886,"minecraft:damage_taken":600,"minecraft:walk_one_cm":251203,"minecraft:drop":4,"minecraft:damage_dealt":1537,"minecraft:swim_one_cm":7494,"minecraft:talked_to_villager":1,"minecraft:fly_one_cm":50652,"minecraft:open_chest":38,"minecraft:crouch_one_cm":6445,"minecraft:play_time":47767,"minecraft:sneak_time":1233,"minecraft:walk_under_water_one_cm":1536,"minecraft:jump":473,"minecraft:walk_on_water_one_cm":3685,"minecraft:total_world_time":47767,"minecraft:interact_with_smoker":2,"minecraft:fall_one_cm":4559},"minecraft:used":{"minecraft:stone_sword":41,"minecraft:stone_pickaxe":44,"minecraft:oak_planks":186,"minecraft:chest":2,"minecraft:wooden_pickaxe":3,"minecraft:rotten_flesh":1,"minecraft:torch":41,"minecraft:cocoa_beans":4,"minecraft:crafting_table":3,"minecraft:white_bed":2,"minecraft:wooden_axe":61,"minecraft:bread":13,"minecraft:jungle_log":5,"minecraft:stone_axe":118,"minecraft:cobblestone":10,"minecraft:smooth_stone_slab":4}},"DataVersion":3120}