{"stats":{"minecraft:killed":{"minecraft:spider":1,"mutationcraft:miter":1,"mutationcraft:assimilated_villager":1,"mutationcraft:necroptor":4,"mutationcraft:assimilated_sheep":1,"minecraft:sheep":4,"mutationcraft:assimilated_pig":2,"mutationcraft:assimilated_bear":1,"mutationcraft:assimilated_wandering_trader":1},"minecraft:crafted":{"minecraft:oak_planks":509,"minecraft:stone_shovel":1,"minecraft:cooked_chicken":42,"minecraft:furnace":1,"minecraft:oak_trapdoor":2,"butchersdelight:rack":1,"minecraft:iron_axe":1,"minecraft:ladder":69,"minecraft:stone_pickaxe":3,"minecraft:chest":16,"minecraft:oak_slab":144,"minecraft:crafting_table":5,"farmersdelight:iron_knife":1,"minecraft:wooden_pickaxe":1,"minecraft:bucket":1,"minecraft:stone_axe":1,"minecraft:air":0,"minecraft:jungle_planks":60,"minecraft:shield":1,"minecraft:stick":224,"minecraft:oak_stairs":24,"minecraft:iron_ingot":23,"minecraft:wooden_axe":1,"minecraft:iron_shovel":1,"minecraft:torch":28,"minecraft:shears":1},"minecraft:broken":{"minecraft:stone_pickaxe":1,"minecraft:stone_axe":1,"minecraft:stone_shovel":1},"minecraft:dropped":{"minecraft:iron_ingot":3,"minecraft:stick":29,"minecraft:wooden_axe":1,"farmersdelight:onion":1,"minecraft:bone":1,"minecraft:cooked_chicken":9,"minecraft:smooth_stone_slab":2,"minecraft:wooden_pickaxe":1},"minecraft:picked_up":{"minecraft:cocoa_beans":10,"minecraft:crafting_table":3,"minecraft:chicken":116,"minecraft:ladder":30,"minecraft:lead":4,"minecraft:oak_stairs":9,"minecraft:shield":2,"minecraft:string":1,"minecraft:iron_axe":2,"minecraft:smooth_stone_slab":2,"minecraft:iron_shovel":2,"minecraft:beef":1,"minecraft:melon_slice":63,"minecraft:chest":2,"minecraft:furnace":4,"mutationcraft:necroptor_membrane":1,"minecraft:stick":67,"minecraft:raw_iron":7,"minecraft:oak_door":1,"minecraft:oak_fence":15,"minecraft:torch":26,"mutationcraft:putrid_claw":17,"minecraft:porkchop":1,"minecraft:diorite":2,"butchersdelight:deadsheep":7,"farmersdelight:onion":1,"minecraft:shears":1,"minecraft:white_wool":3,"minecraft:cobblestone":93,"minecraft:feather":116,"minecraft:cooked_beef":3,"minecraft:water_bucket":2,"minecraft:jungle_log":12,"minecraft:andesite":4,"minecraft:leather":15,"minecraft:flint":7,"minecraft:oak_log":128,"minecraft:cobblestone_wall":2,"butchersdelight:rack":2,"minecraft:dirt":327,"butchersdelight:deadchiken":3,"minecraft:bone":3,"mutationcraft:putrid_brain":2,"minecraft:wheat_seeds":8,"minecraft:iron_ingot":9,"minecraft:stone_pickaxe":4,"minecraft:cooked_chicken":101,"minecraft:bamboo":4,"minecraft:oak_planks":275,"minecraft:book":48,"minecraft:oak_slab":8,"minecraft:cooked_porkchop":13,"minecraft:pumpkin":1,"minecraft:oak_pressure_plate":1,"butchersdelight:cow_hide":1,"minecraft:gravel":20,"minecraft:jungle_planks":8,"minecraft:spider_eye":1,"minecraft:mossy_cobblestone":2,"minecraft:granite":6,"butchersdelight:deadllama":4,"butchersdelight:hook":2,"minecraft:oak_sapling":11,"minecraft:black_wool":2,"minecraft:coal":95},"minecraft:killed_by":{"mutationcraft:necroptor":1},"minecraft:mined":{"minecraft:mossy_cobblestone":2,"minecraft:oak_door":1,"butchersdelight:rack":2,"minecraft:granite":6,"butchersdelight:deadsheepblock":3,"minecraft:ladder":11,"minecraft:grass_block":113,"minecraft:jungle_log":7,"minecraft:furnace":2,"minecraft:iron_ore":7,"minecraft:fire":2,"minecraft:andesite":4,"minecraft:potted_dandelion":1,"minecraft:vine":1,"minecraft:dirt_path":7,"minecraft:oak_stairs":8,"minecraft:stone":83,"minecraft:oak_slab":6,"minecraft:glass_pane":1,"butchersdelight:hookedcowprocess_1":1,"minecraft:smoker":1,"minecraft:oak_fence":16,"minecraft:crafting_table":3,"minecraft:melon":13,"minecraft:cobblestone":12,"minecraft:tall_grass":3,"minecraft:oak_planks":47,"butchersdelight:deadchickenblock":2,"minecraft:diorite":2,"minecraft:wall_torch":2,"minecraft:cobblestone_wall":2,"minecraft:smooth_stone_slab":2,"minecraft:grass":30,"minecraft:coal_ore":44,"minecraft:oak_log":65,"minecraft:cocoa":5,"minecraft:gravel":23,"minecraft:dirt":48,"minecraft:oak_leaves":78,"minecraft:fern":2},"minecraft:custom":{"minecraft:mob_kills":17,"minecraft:interact_with_crafting_table":42,"minecraft:leave_game":1,"minecraft:time_since_death":3047,"minecraft:climb_one_cm":12267,"minecraft:sprint_one_cm":233545,"minecraft:walk_one_cm":205174,"minecraft:damage_blocked_by_shield":1085,"minecraft:drop":10,"minecraft:play_time":81890,"minecraft:deaths":2,"minecraft:sneak_time":12114,"minecraft:walk_under_water_one_cm":7433,"minecraft:jump":979,"minecraft:walk_on_water_one_cm":5203,"minecraft:total_world_time":81890,"minecraft:interact_with_furnace":18,"minecraft:sleep_in_bed":2,"minecraft:time_since_rest":3090,"minecraft:damage_taken":1475,"minecraft:damage_dealt":3448,"minecraft:swim_one_cm":3899,"minecraft:fly_one_cm":141151,"minecraft:open_chest":119,"minecraft:crouch_one_cm":33048,"minecraft:fall_one_cm":22511},"minecraft:used":{"minecraft:oak_trapdoor":1,"minecraft:iron_shovel":60,"minecraft:stone_shovel":133,"minecraft:ladder":80,"minecraft:chest":15,"minecraft:shield":35,"butchersdelight:hook":2,"minecraft:cooked_chicken":19,"minecraft:torch":34,"minecraft:dirt":9,"minecraft:cocoa_beans":1,"minecraft:wooden_axe":8,"minecraft:iron_axe":125,"minecraft:oak_stairs":27,"minecraft:furnace":3,"minecraft:oak_sapling":3,"minecraft:water_bucket":2,"minecraft:stone_pickaxe":163,"minecraft:oak_planks":181,"minecraft:wooden_pickaxe":13,"minecraft:oak_slab":145,"minecraft:crafting_table":8,"minecraft:melon_slice":3,"minecraft:stone_axe":115,"minecraft:cobblestone":42,"minecraft:bucket":3,"butchersdelight:rack":3}},"DataVersion":3120}