{"stats":{"minecraft:killed":{"mutationcraft:miter":1,"minecraft:sheep":4,"mutationcraft:assimilated_villager":1,"mutationcraft:assimilated_bear":1},"minecraft:crafted":{"minecraft:oak_slab":144,"minecraft:oak_planks":453,"minecraft:stone_shovel":1,"minecraft:crafting_table":4,"farmersdelight:iron_knife":1,"minecraft:wooden_pickaxe":1,"minecraft:cooked_chicken":42,"minecraft:furnace":1,"minecraft:bucket":1,"minecraft:stone_axe":1,"minecraft:air":0,"minecraft:jungle_planks":60,"butchersdelight:rack":1,"minecraft:shield":1,"minecraft:iron_axe":1,"minecraft:ladder":12,"minecraft:stick":84,"minecraft:oak_stairs":16,"minecraft:iron_ingot":23,"minecraft:stone_pickaxe":3,"minecraft:wooden_axe":1,"minecraft:iron_shovel":1,"minecraft:chest":14,"minecraft:torch":28,"minecraft:shears":1},"minecraft:broken":{"minecraft:stone_pickaxe":1,"minecraft:stone_axe":1,"minecraft:stone_shovel":1},"minecraft:dropped":{"minecraft:iron_ingot":3,"minecraft:cooked_chicken":9,"minecraft:smooth_stone_slab":2,"minecraft:stick":29,"minecraft:wooden_axe":1,"farmersdelight:onion":1,"minecraft:wooden_pickaxe":1,"minecraft:bone":1},"minecraft:picked_up":{"minecraft:cocoa_beans":10,"minecraft:crafting_table":3,"minecraft:feather":116,"minecraft:cooked_beef":1,"minecraft:chicken":116,"minecraft:ladder":1,"minecraft:jungle_log":12,"minecraft:andesite":4,"minecraft:leather":15,"minecraft:oak_stairs":6,"minecraft:flint":3,"minecraft:oak_log":114,"minecraft:cobblestone_wall":2,"butchersdelight:rack":2,"minecraft:dirt":150,"minecraft:smooth_stone_slab":2,"butchersdelight:deadchiken":3,"minecraft:bone":3,"minecraft:wheat_seeds":6,"minecraft:beef":1,"minecraft:bamboo":4,"minecraft:melon_slice":63,"minecraft:oak_planks":51,"minecraft:furnace":2,"minecraft:oak_slab":8,"minecraft:stick":34,"minecraft:raw_iron":7,"minecraft:cooked_porkchop":3,"minecraft:oak_door":1,"minecraft:oak_fence":15,"minecraft:torch":10,"minecraft:oak_pressure_plate":1,"mutationcraft:putrid_claw":3,"butchersdelight:cow_hide":1,"minecraft:gravel":20,"minecraft:porkchop":1,"minecraft:diorite":2,"minecraft:mossy_cobblestone":2,"butchersdelight:deadsheep":7,"farmersdelight:onion":1,"minecraft:granite":6,"butchersdelight:hook":2,"minecraft:oak_sapling":4,"minecraft:black_wool":1,"minecraft:coal":41,"minecraft:white_wool":3,"minecraft:cobblestone":93},"minecraft:mined":{"minecraft:oak_slab":6,"minecraft:glass_pane":1,"minecraft:mossy_cobblestone":2,"minecraft:oak_door":1,"butchersdelight:hookedcowprocess_1":1,"minecraft:smoker":1,"butchersdelight:rack":2,"minecraft:oak_fence":16,"minecraft:crafting_table":3,"minecraft:ladder":1,"butchersdelight:deadsheepblock":3,"minecraft:granite":6,"minecraft:grass_block":101,"minecraft:melon":13,"minecraft:jungle_log":7,"minecraft:tall_grass":3,"minecraft:cobblestone":12,"minecraft:oak_planks":47,"butchersdelight:deadchickenblock":2,"minecraft:diorite":2,"minecraft:wall_torch":2,"minecraft:furnace":2,"minecraft:cobblestone_wall":2,"minecraft:iron_ore":7,"minecraft:fire":2,"minecraft:andesite":4,"minecraft:smooth_stone_slab":2,"minecraft:grass":28,"minecraft:potted_dandelion":1,"minecraft:oak_log":51,"minecraft:coal_ore":44,"minecraft:dirt_path":7,"minecraft:cocoa":5,"minecraft:vine":1,"minecraft:oak_stairs":8,"minecraft:gravel":23,"minecraft:dirt":45,"minecraft:stone":83,"minecraft:oak_leaves":5,"minecraft:fern":2},"minecraft:custom":{"minecraft:interact_with_furnace":18,"minecraft:mob_kills":8,"minecraft:interact_with_crafting_table":33,"minecraft:leave_game":1,"minecraft:time_since_death":65179,"minecraft:sleep_in_bed":2,"minecraft:climb_one_cm":1909,"minecraft:time_since_rest":28146,"minecraft:sprint_one_cm":200478,"minecraft:damage_taken":455,"minecraft:walk_one_cm":171154,"minecraft:drop":10,"minecraft:damage_dealt":1617,"minecraft:swim_one_cm":2380,"minecraft:fly_one_cm":123338,"minecraft:open_chest":84,"minecraft:crouch_one_cm":29352,"minecraft:play_time":65179,"minecraft:sneak_time":9896,"minecraft:walk_under_water_one_cm":48,"minecraft:jump":851,"minecraft:walk_on_water_one_cm":3284,"minecraft:total_world_time":65179,"minecraft:fall_one_cm":17602},"minecraft:used":{"minecraft:water_bucket":2,"minecraft:iron_shovel":45,"minecraft:ladder":4,"minecraft:stone_shovel":133,"minecraft:stone_pickaxe":163,"minecraft:oak_planks":181,"minecraft:chest":13,"minecraft:wooden_pickaxe":13,"butchersdelight:hook":2,"minecraft:cooked_chicken":10,"minecraft:torch":28,"minecraft:dirt":6,"minecraft:cocoa_beans":1,"minecraft:oak_slab":145,"minecraft:crafting_table":7,"minecraft:wooden_axe":8,"minecraft:iron_axe":69,"minecraft:oak_stairs":15,"minecraft:melon_slice":3,"minecraft:stone_axe":115,"minecraft:cobblestone":42,"minecraft:oak_sapling":3,"minecraft:furnace":1,"minecraft:bucket":2,"butchersdelight:rack":3}},"DataVersion":3120}