{"stats":{"minecraft:killed":{"minecraft:spider":1,"mutationcraft:miter":1,"mutationcraft:assimilated_villager":1,"mutationcraft:necroptor":5,"mutationcraft:assimilated_sheep":1,"mutationcraft:assimilated_roamer":2,"mutationcraft:developed_roamer":8,"mutationcraft:assimilated_spider":1,"minecraft:sheep":4,"mutationcraft:assimilated_pig":2,"mutationcraft:assimilated_bear":1,"mutationcraft:assimilated_wandering_trader":1},"minecraft:crafted":{"minecraft:oak_planks":521,"minecraft:stone_shovel":1,"minecraft:cooked_chicken":42,"minecraft:furnace":1,"minecraft:oak_trapdoor":2,"butchersdelight:rack":1,"minecraft:iron_axe":1,"minecraft:ladder":84,"minecraft:stone_pickaxe":3,"minecraft:chest":16,"minecraft:oak_slab":144,"minecraft:crafting_table":6,"farmersdelight:iron_knife":1,"minecraft:wooden_pickaxe":1,"minecraft:iron_sword":1,"minecraft:bucket":1,"minecraft:stone_axe":1,"minecraft:air":0,"minecraft:jungle_planks":60,"minecraft:shield":1,"minecraft:stick":228,"minecraft:iron_pickaxe":1,"minecraft:oak_stairs":24,"minecraft:iron_ingot":23,"minecraft:wooden_axe":1,"minecraft:iron_shovel":1,"minecraft:torch":28,"minecraft:shears":1},"minecraft:broken":{"minecraft:stone_pickaxe":1,"minecraft:stone_axe":1,"minecraft:stone_shovel":1},"minecraft:dropped":{"minecraft:iron_ingot":3,"minecraft:iron_sword":1,"minecraft:stick":29,"minecraft:wooden_axe":1,"farmersdelight:onion":1,"minecraft:bone":1,"minecraft:cooked_chicken":9,"minecraft:smooth_stone_slab":2,"minecraft:wooden_pickaxe":1},"minecraft:picked_up":{"minecraft:cocoa_beans":10,"minecraft:crafting_table":5,"minecraft:chicken":147,"minecraft:ladder":30,"minecraft:lead":4,"minecraft:oak_stairs":9,"minecraft:shield":2,"minecraft:string":1,"minecraft:iron_axe":2,"minecraft:smooth_stone_slab":2,"minecraft:iron_shovel":2,"minecraft:cobbled_deepslate":44,"minecraft:beef":1,"minecraft:poppy":17,"minecraft:iron_pickaxe":15,"minecraft:melon_slice":63,"minecraft:chest":2,"minecraft:furnace":4,"mutationcraft:necroptor_membrane":1,"minecraft:stick":95,"minecraft:raw_iron":7,"minecraft:oak_door":1,"minecraft:oak_fence":15,"minecraft:torch":30,"mutationcraft:putrid_claw":47,"minecraft:porkchop":1,"minecraft:diorite":2,"butchersdelight:deadsheep":7,"farmersdelight:onion":1,"minecraft:shears":1,"mutationcraft:putrid_heart":3,"minecraft:white_wool":3,"minecraft:cobblestone":93,"minecraft:feather":147,"minecraft:cooked_beef":3,"minecraft:water_bucket":2,"minecraft:jungle_log":12,"minecraft:andesite":4,"minecraft:leather":15,"minecraft:flint":7,"minecraft:oak_log":131,"minecraft:cobblestone_wall":2,"butchersdelight:rack":2,"minecraft:dirt":332,"butchersdelight:deadchiken":3,"minecraft:bone":3,"mutationcraft:putrid_brain":8,"minecraft:wheat_seeds":8,"minecraft:iron_ingot":94,"minecraft:stone_pickaxe":4,"minecraft:cooked_chicken":101,"minecraft:bamboo":4,"minecraft:iron_sword":3,"minecraft:oak_planks":342,"minecraft:book":48,"minecraft:oak_slab":8,"minecraft:cooked_porkchop":13,"minecraft:pumpkin":1,"minecraft:oak_pressure_plate":1,"butchersdelight:cow_hide":1,"minecraft:gravel":20,"minecraft:jungle_planks":8,"minecraft:spider_eye":1,"minecraft:mossy_cobblestone":2,"minecraft:granite":6,"butchersdelight:deadllama":4,"butchersdelight:hook":2,"minecraft:oak_sapling":11,"minecraft:black_wool":2,"minecraft:coal":95},"minecraft:killed_by":{"mutationcraft:assimilated_human":1,"mutationcraft:assimilated_jockey":3,"mutationcraft:necroptor":1,"mutationcraft:assimilated_roamer":5,"mutationcraft:developed_roamer":10,"mutationcraft:assimilated_enderman":2},"minecraft:mined":{"minecraft:mossy_cobblestone":2,"minecraft:oak_door":1,"butchersdelight:rack":2,"minecraft:granite":6,"butchersdelight:deadsheepblock":3,"minecraft:ladder":11,"minecraft:grass_block":113,"minecraft:jungle_log":7,"minecraft:furnace":2,"minecraft:cobbled_deepslate":2,"minecraft:iron_ore":7,"minecraft:fire":2,"minecraft:andesite":4,"minecraft:potted_dandelion":1,"minecraft:vine":1,"minecraft:dirt_path":7,"minecraft:oak_stairs":8,"minecraft:stone":83,"minecraft:oak_slab":6,"minecraft:glass_pane":1,"butchersdelight:hookedcowprocess_1":1,"minecraft:smoker":1,"minecraft:oak_fence":16,"minecraft:crafting_table":5,"minecraft:torch":2,"minecraft:melon":13,"minecraft:cobblestone":12,"minecraft:tall_grass":3,"minecraft:oak_planks":53,"butchersdelight:deadchickenblock":2,"minecraft:diorite":2,"minecraft:wall_torch":2,"minecraft:cobblestone_wall":2,"minecraft:smooth_stone_slab":2,"minecraft:grass":30,"minecraft:coal_ore":44,"minecraft:oak_log":68,"minecraft:cocoa":5,"minecraft:gravel":23,"minecraft:dirt":50,"minecraft:oak_leaves":78,"minecraft:deepslate":45,"minecraft:fern":2},"minecraft:custom":{"minecraft:mob_kills":30,"minecraft:interact_with_crafting_table":45,"minecraft:leave_game":1,"minecraft:time_since_death":5038,"minecraft:climb_one_cm":25264,"minecraft:sprint_one_cm":337966,"minecraft:walk_one_cm":259172,"minecraft:damage_blocked_by_shield":1085,"minecraft:drop":11,"minecraft:play_time":105890,"minecraft:deaths":24,"minecraft:sneak_time":15973,"minecraft:walk_under_water_one_cm":8179,"minecraft:jump":1322,"minecraft:walk_on_water_one_cm":8193,"minecraft:total_world_time":105890,"minecraft:interact_with_furnace":19,"minecraft:sleep_in_bed":3,"minecraft:time_since_rest":779,"minecraft:damage_taken":7325,"minecraft:damage_dealt":9594,"minecraft:swim_one_cm":3899,"minecraft:fly_one_cm":195784,"minecraft:open_chest":136,"minecraft:crouch_one_cm":40482,"minecraft:fall_one_cm":24922},"minecraft:used":{"minecraft:oak_trapdoor":1,"minecraft:iron_shovel":60,"minecraft:stone_shovel":133,"minecraft:ladder":86,"minecraft:chest":15,"minecraft:shield":35,"minecraft:iron_sword":147,"butchersdelight:hook":2,"minecraft:cooked_chicken":23,"minecraft:torch":36,"minecraft:dirt":14,"minecraft:cocoa_beans":1,"minecraft:wooden_axe":8,"minecraft:iron_axe":133,"minecraft:oak_stairs":27,"minecraft:furnace":3,"minecraft:oak_sapling":3,"minecraft:cobbled_deepslate":20,"minecraft:water_bucket":4,"minecraft:stone_pickaxe":209,"minecraft:oak_planks":193,"minecraft:wooden_pickaxe":13,"minecraft:oak_slab":145,"minecraft:crafting_table":10,"minecraft:melon_slice":3,"minecraft:iron_pickaxe":65,"minecraft:stone_axe":115,"minecraft:cobblestone":42,"minecraft:bucket":5,"butchersdelight:rack":3}},"DataVersion":3120}