{"stats":{"minecraft:used":{"minecraft:dirt":3},"minecraft:mined":{"minecraft:grass_block":3,"minecraft:oak_log":5,"minecraft:oak_leaves":3,"minecraft:fern":1},"minecraft:picked_up":{"minecraft:oak_log":5,"minecraft:dirt":3},"minecraft:crafted":{"minecraft:crafting_table":1,"minecraft:oak_planks":20,"minecraft:stick":4},"minecraft:custom":{"minecraft:jump":13,"minecraft:time_since_rest":3399,"minecraft:crouch_one_cm":387,"minecraft:sprint_one_cm":229,"minecraft:play_time":3399,"minecraft:time_since_death":3399,"minecraft:walk_one_cm":4317,"minecraft:sneak_time":178,"minecraft:total_world_time":3399,"minecraft:fly_one_cm":179,"minecraft:fall_one_cm":209}},"DataVersion":3465}