{"stats":{"minecraft:killed":{"minecraft:zombie":1,"mutationcraft:assimilated_human":2,"mutationcraft:assimilated_bear":1,"mutationcraft:assimilated_fox":1,"mutationcraft:assimilated_wolf":1,"mutationcraft:assimilated_wandering_trader":1,"minecraft:tropical_fish":9,"mutationcraft:developed_roamer":1},"minecraft:crafted":{"minecraft:oak_door":3,"minecraft:oak_planks":28,"minecraft:iron_nugget":9,"minecraft:crafting_table":1,"minecraft:wooden_pickaxe":1,"minecraft:cooked_chicken":11,"minecraft:iron_sword":1,"minecraft:furnace":1,"butchersdelight:cleaver":1,"minecraft:stone_axe":1,"minecraft:air":0,"minecraft:stick":17,"minecraft:iron_ingot":8,"minecraft:iron_pickaxe":1,"minecraft:stone_pickaxe":1,"minecraft:wooden_axe":1,"minecraft:torch":8},"minecraft:dropped":{"butchersdelight:skullcow":6,"minecraft:wooden_axe":1},"minecraft:picked_up":{"minecraft:wooden_axe":1,"minecraft:crafting_table":5,"minecraft:cooked_beef":1,"minecraft:clay_ball":12,"minecraft:andesite":12,"minecraft:wooden_pickaxe":2,"butchersdelight:deadpig":1,"minecraft:oak_log":16,"minecraft:lapis_lazuli":102,"minecraft:dirt":19,"minecraft:raw_copper":10,"minecraft:bone":10,"mutationcraft:putrid_brain":2,"farmersdelight:iron_knife":3,"butchersdelight:cleaver":2,"minecraft:wheat_seeds":4,"minecraft:cobbled_deepslate":4,"minecraft:raw_gold":18,"minecraft:beef":16,"minecraft:stone_pickaxe":2,"minecraft:cooked_chicken":2,"minecraft:iron_nugget":16,"minecraft:iron_pickaxe":2,"minecraft:glass_bottle":1,"minecraft:bamboo":10,"minecraft:oak_planks":12,"minecraft:iron_sword":2,"minecraft:furnace":4,"minecraft:stick":13,"minecraft:raw_iron":19,"minecraft:cooked_porkchop":4,"minecraft:oak_door":21,"minecraft:torch":1,"butchersdelight:skullcow":7,"mutationcraft:putrid_claw":20,"butchersdelight:cow_hide":5,"minecraft:porkchop":54,"farmersdelight:ham":10,"minecraft:rotten_flesh":2,"minecraft:tropical_fish":4,"minecraft:granite":3,"minecraft:oak_sapling":4,"minecraft:coal":32,"minecraft:cobblestone":14},"minecraft:killed_by":{"mutationcraft:assimilated_jockey":1,"mutationcraft:assimilated_spider":1},"minecraft:mined":{"minecraft:oak_door":17,"minecraft:clay":1,"minecraft:crafting_table":3,"minecraft:torch":1,"minecraft:granite":2,"minecraft:grass_block":5,"minecraft:copper_ore":2,"minecraft:lapis_ore":4,"minecraft:furnace":2,"minecraft:iron_ore":19,"minecraft:andesite":4,"minecraft:deepslate_lapis_ore":2,"minecraft:grass":11,"minecraft:oak_log":10,"minecraft:coal_ore":11,"minecraft:vine":1,"minecraft:dirt":15,"minecraft:bamboo":1,"minecraft:stone":14,"minecraft:gold_ore":6,"minecraft:oak_leaves":2,"minecraft:deepslate":4,"minecraft:fern":5},"minecraft:custom":{"minecraft:interact_with_furnace":15,"minecraft:mob_kills":18,"minecraft:interact_with_crafting_table":8,"minecraft:leave_game":2,"minecraft:time_since_death":11690,"minecraft:sleep_in_bed":2,"minecraft:climb_one_cm":2317,"minecraft:time_since_rest":11736,"minecraft:sprint_one_cm":89899,"minecraft:damage_taken":840,"minecraft:walk_one_cm":119561,"minecraft:drop":4,"minecraft:damage_dealt":3327,"minecraft:swim_one_cm":89021,"minecraft:fly_one_cm":171604,"minecraft:open_chest":7,"minecraft:crouch_one_cm":366,"minecraft:play_time":52544,"minecraft:deaths":2,"minecraft:sneak_time":548,"minecraft:walk_under_water_one_cm":45312,"minecraft:jump":968,"minecraft:walk_on_water_one_cm":6924,"minecraft:interact_with_smoker":2,"minecraft:total_world_time":52544,"minecraft:fall_one_cm":25034},"minecraft:used":{"minecraft:tropical_fish":4,"minecraft:stone_pickaxe":20,"minecraft:wooden_pickaxe":12,"minecraft:iron_sword":85,"minecraft:cooked_chicken":5,"minecraft:oak_door":18,"butchersdelight:skullcow":1,"minecraft:torch":5,"minecraft:dirt":9,"minecraft:crafting_table":3,"minecraft:wooden_axe":14,"butchersdelight:cleaver":1,"minecraft:iron_pickaxe":39,"minecraft:stone_axe":18,"minecraft:beef":3,"minecraft:furnace":2,"minecraft:cobbled_deepslate":1,"minecraft:cooked_beef":1}},"DataVersion":3120}