{"stats":{"minecraft:dropped":{"minecraft:stone_axe":1,"minecraft:stone_pickaxe":1},"minecraft:picked_up":{"minecraft:crafting_table":2,"minecraft:sand":1,"minecraft:porkchop":8,"minecraft:spruce_sapling":4,"minecraft:spruce_log":33,"minecraft:spider_eye":1,"minecraft:sugar_cane":15,"minecraft:coal":67,"minecraft:cobblestone":16,"minecraft:furnace":1},"minecraft:killed":{"minecraft:pig":4,"minecraft:spider":1},"minecraft:mined":{"minecraft:furnace":1,"minecraft:spruce_log":33,"minecraft:crafting_table":2,"minecraft:coal_ore":67,"minecraft:sand":1,"minecraft:spruce_leaves":12,"minecraft:stone":16,"minecraft:sugar_cane":7},"minecraft:custom":{"minecraft:time_since_rest":15197,"minecraft:interact_with_furnace":3,"minecraft:sprint_one_cm":39360,"minecraft:damage_taken":50,"minecraft:walk_one_cm":53469,"minecraft:mob_kills":5,"minecraft:drop":2,"minecraft:damage_dealt":590,"minecraft:interact_with_crafting_table":4,"minecraft:swim_one_cm":2289,"minecraft:fly_one_cm":74038,"minecraft:crouch_one_cm":577,"minecraft:play_time":15197,"minecraft:sneak_time":210,"minecraft:walk_under_water_one_cm":324,"minecraft:jump":320,"minecraft:time_since_death":15197,"minecraft:leave_game":1,"minecraft:walk_on_water_one_cm":647,"minecraft:total_world_time":15197,"minecraft:fall_one_cm":6545},"minecraft:used":{"minecraft:stone_pickaxe":80,"minecraft:wooden_pickaxe":4,"minecraft:spruce_sapling":2,"minecraft:stone_axe":43,"minecraft:sand":1,"minecraft:crafting_table":2,"minecraft:furnace":1,"minecraft:cooked_porkchop":2},"minecraft:crafted":{"minecraft:cooked_porkchop":4,"minecraft:crafting_table":1,"minecraft:spruce_planks":28,"minecraft:stick":8,"minecraft:wooden_pickaxe":1,"minecraft:stone_pickaxe":1,"minecraft:furnace":1,"minecraft:stone_axe":1}},"DataVersion":3465}