{"stats":{"minecraft:dropped":{"minecraft:stone_axe":1,"minecraft:torch":7,"minecraft:spider_eye":1,"minecraft:stone_pickaxe":1,"minecraft:sugar":15,"minecraft:bone":1},"minecraft:picked_up":{"minecraft:crafting_table":2,"minecraft:cooked_porkchop":2,"minecraft:ladder":2,"minecraft:sand":1,"minecraft:porkchop":8,"minecraft:spruce_sapling":4,"minecraft:spruce_log":33,"minecraft:spider_eye":1,"minecraft:arrow":1,"minecraft:bone":2,"minecraft:oak_sign":1,"minecraft:stone_bricks":2,"minecraft:cracked_stone_bricks":1,"minecraft:mossy_stone_bricks":1,"minecraft:sugar_cane":15,"minecraft:coal":67,"minecraft:cobblestone":27,"minecraft:furnace":1},"minecraft:killed":{"minecraft:pig":4,"minecraft:spider":1},"minecraft:mined":{"minecraft:furnace":1,"minecraft:spruce_log":33,"minecraft:crafting_table":2,"minecraft:coal_ore":67,"minecraft:sand":1,"minecraft:cracked_stone_bricks":1,"minecraft:spruce_leaves":12,"minecraft:stone_bricks":4,"minecraft:stone":27,"minecraft:sugar_cane":7,"minecraft:mossy_stone_bricks":1},"minecraft:custom":{"minecraft:time_since_rest":561,"minecraft:interact_with_furnace":3,"minecraft:sprint_one_cm":43892,"minecraft:damage_taken":615,"minecraft:walk_one_cm":90558,"minecraft:mob_kills":5,"minecraft:drop":20,"minecraft:damage_dealt":681,"minecraft:interact_with_crafting_table":6,"minecraft:swim_one_cm":2289,"minecraft:fly_one_cm":86575,"minecraft:deaths":1,"minecraft:crouch_one_cm":3461,"minecraft:play_time":27648,"minecraft:sneak_time":944,"minecraft:walk_under_water_one_cm":324,"minecraft:jump":472,"minecraft:time_since_death":490,"minecraft:leave_game":2,"minecraft:walk_on_water_one_cm":647,"minecraft:climb_one_cm":3252,"minecraft:total_world_time":27648,"minecraft:fall_one_cm":7499},"minecraft:used":{"minecraft:ladder":2,"minecraft:stone_pickaxe":80,"minecraft:oak_sign":1,"minecraft:spruce_planks":9,"minecraft:wooden_pickaxe":21,"minecraft:spruce_sapling":2,"minecraft:stone_bricks":2,"minecraft:stone_axe":43,"minecraft:torch":3,"minecraft:sand":1,"minecraft:crafting_table":2,"minecraft:furnace":1,"minecraft:cooked_porkchop":6},"minecraft:crafted":{"minecraft:sugar":15,"minecraft:cooked_porkchop":4,"minecraft:crafting_table":1,"minecraft:spruce_planks":28,"minecraft:stick":12,"minecraft:wooden_pickaxe":1,"minecraft:stone_pickaxe":2,"minecraft:furnace":1,"minecraft:torch":16,"minecraft:stone_axe":1},"minecraft:killed_by":{"minecraft:player":1}},"DataVersion":3465}