{"stats":{"minecraft:picked_up":{"minecraft:stone_axe":1,"minecraft:stone_pickaxe":1,"minecraft:spruce_log":19,"minecraft:sugar_cane":4,"minecraft:coal":2},"minecraft:mined":{"minecraft:coal_ore":2,"minecraft:spruce_leaves":1,"minecraft:spruce_log":19,"minecraft:sugar_cane":4},"minecraft:custom":{"minecraft:time_since_rest":5486,"minecraft:crouch_one_cm":69,"minecraft:play_time":5486,"minecraft:interact_with_furnace":1,"minecraft:sprint_one_cm":13163,"minecraft:damage_taken":30,"minecraft:walk_one_cm":23600,"minecraft:sneak_time":15,"minecraft:walk_under_water_one_cm":1641,"minecraft:jump":150,"minecraft:time_since_death":5486,"minecraft:walk_on_water_one_cm":1562,"minecraft:total_world_time":5486,"minecraft:interact_with_crafting_table":1,"minecraft:fall_one_cm":3797,"minecraft:fly_one_cm":29712},"minecraft:used":{"minecraft:stone_axe":21,"minecraft:cooked_porkchop":1,"minecraft:stone_pickaxe":2},"minecraft:crafted":{"minecraft:cooked_porkchop":4,"minecraft:spruce_planks":12,"minecraft:stick":4,"minecraft:air":0,"minecraft:wooden_pickaxe":1}},"DataVersion":3465}