{"stats":{"minecraft:dropped":{"minecraft:cooked_porkchop":2},"minecraft:picked_up":{"minecraft:raw_iron":1,"minecraft:crafting_table":3,"minecraft:torch":7,"minecraft:spruce_log":45,"minecraft:spider_eye":1,"minecraft:red_bed":1,"minecraft:white_carpet":1,"minecraft:red_carpet":1,"minecraft:bone":1,"minecraft:sugar":15,"minecraft:rotten_flesh":2,"minecraft:stone_bricks":3,"minecraft:cracked_stone_bricks":1,"minecraft:stone_axe":1,"minecraft:spruce_planks":7,"minecraft:stone_pickaxe":1,"minecraft:sugar_cane":4,"minecraft:coal":75,"minecraft:cobblestone":16,"minecraft:furnace":2},"minecraft:broken":{"minecraft:stone_pickaxe":1},"minecraft:mined":{"minecraft:red_carpet":1,"minecraft:spruce_planks":1,"minecraft:furnace":1,"minecraft:red_bed":1,"minecraft:iron_ore":1,"minecraft:white_carpet":1,"minecraft:spruce_log":19,"minecraft:crafting_table":2,"minecraft:infested_mossy_stone_bricks":1,"minecraft:coal_ore":76,"minecraft:spruce_leaves":1,"minecraft:stone":6,"minecraft:stone_bricks":3,"minecraft:sugar_cane":4},"minecraft:killed":{"minecraft:skeleton":2,"minecraft:zombie_villager":1,"minecraft:silverfish":1},"minecraft:custom":{"minecraft:time_since_rest":1080,"minecraft:interact_with_furnace":1,"minecraft:sprint_one_cm":15021,"minecraft:damage_taken":165,"minecraft:walk_one_cm":62364,"minecraft:mob_kills":4,"minecraft:drop":2,"minecraft:damage_dealt":798,"minecraft:player_kills":1,"minecraft:interact_with_crafting_table":2,"minecraft:fly_one_cm":34342,"minecraft:open_chest":1,"minecraft:crouch_one_cm":69,"minecraft:play_time":18033,"minecraft:sneak_time":20,"minecraft:walk_under_water_one_cm":1641,"minecraft:jump":324,"minecraft:leave_game":1,"minecraft:walk_on_water_one_cm":1562,"minecraft:time_since_death":18033,"minecraft:sleep_in_bed":5,"minecraft:total_world_time":18033,"minecraft:climb_one_cm":1996,"minecraft:fall_one_cm":7007},"minecraft:used":{"minecraft:apple":1,"minecraft:stone_pickaxe":91,"minecraft:spruce_planks":1,"minecraft:rotten_flesh":3,"minecraft:stone_axe":45,"minecraft:crafting_table":1,"minecraft:red_bed":1,"minecraft:cooked_porkchop":1},"minecraft:crafted":{"minecraft:cooked_porkchop":4,"minecraft:spruce_planks":12,"minecraft:stick":4,"minecraft:wooden_pickaxe":1,"minecraft:stone_pickaxe":1,"minecraft:air":0}},"DataVersion":3465}